Template,Fund_Code,Trade_Date,Total_Amount,Number_of_Units,Filename
Manual,K-VIETNAM,2026-04-27,500,-,
Manual,SCBTRAVEL(A),2026-04-27,500,-,
Buy Note,SCBNK225,2026-04-27,500,10.5143,confirmation_note_8882604250002501.pdf
Buy Note,SCBSET50,2026-04-27,500,22.5926,confirmation_note_8882604250002505.pdf
Buy Note,SCBTRAVEL(A),2026-03-25,500,61.1733,confirmation_note_8882603250002231.pdf
Buy Note,K-VIETNAM,2026-03-25,500,35.5616,confirmation_note_8882603250002168.pdf
Buy Note,SCBSET50,2026-03-25,500,22.8102,confirmation_note_8882603250003916.pdf
Buy Note,SCBNK225,2026-03-25,500,11.9123,confirmation_note_8882603250001036.pdf
Buy Note,SCBTRAVEL(A),2026-02-25,500,59.029,confirmation_note_8882602250001121.pdf
Buy Note,SCBSET50,2026-02-25,500,22.0826,confirmation_note_8882602250003452.pdf
Buy Note,K-VIETNAM,2026-02-25,500,33.3976,confirmation_note_8882602250002142.pdf
Buy Note,SCBNK225,2026-02-25,500,10.9534,confirmation_note_8882602250003468.pdf
Buy Note,K-VIETNAM,2026-01-26,500,34.3789,confirmation_note_8882601250002800.pdf
Buy Note,SCBSET50,2026-01-26,500,25.7438,confirmation_note_8882601250002815.pdf
Buy Note,SCBNK225,2026-01-26,500,12.1075,confirmation_note_8882601250002798.pdf
Buy Note,SCBTRAVEL(A),2026-01-26,500,58.8353,confirmation_note_8882601250002814.pdf
Buy Note,SCBTRAVEL(A),2025-12-29,500,57.5228,confirmation_note_8882512250013051.pdf
Buy Note,K-VIETNAM,2025-12-26,500,35.9531,confirmation_note_8882512250011527.pdf
Buy Note,SCBNK225,2025-12-25,500,12.7338,confirmation_note_8882512250000665.pdf
Buy Note,SCBSET50,2025-12-25,500,26.7714,confirmation_note_8882512250000597.pdf
Buy Note,SCBTRAVEL(A),2025-11-25,500,60.0002,confirmation_note_8882511250002743.pdf
Buy Note,K-VIETNAM,2025-11-25,500,35.0201,confirmation_note_8882511250002633.pdf
Buy Note,SCBNK225,2025-11-25,500,13.1155,confirmation_note_8882511250002739.pdf
Buy Note,SCBSET50,2025-11-25,500,27.1002,confirmation_note_8882511250001583.pdf
Buy Note,SCBTRAVEL(A),2025-10-27,500,58.629,confirmation_note_8882510250003547.pdf
Buy Note,SCBSET50,2025-10-27,500,26.1162,confirmation_note_8882510250003163.pdf
Buy Note,SCBNK225,2025-10-27,500,12.6032,confirmation_note_8882510250003114.pdf
Buy Note,K-VIETNAM,2025-10-27,500,34.0309,confirmation_note_8882510250003148.pdf
Buy Note,SCBTRAVEL(A),2025-09-25,500,57.9616,confirmation_note_8882509250002728.pdf
Buy Note,K-VIETNAM,2025-09-25,500,33.3963,confirmation_note_8882509250003057.pdf
Buy Note,SCBSET50,2025-09-25,500,27.0875,confirmation_note_8882509250002904.pdf
Buy Note,SCBNK225,2025-09-25,500,13.9641,confirmation_note_8882509250003329.pdf
Buy Note,SCBTRAVEL(A),2025-08-26,500,57.8884,confirmation_note_8882508250010255.pdf
Buy Note,SCBNK225,2025-08-25,500,14.8424,confirmation_note_8882508250003151.pdf
Buy Note,SCBSET50,2025-08-25,500,27.4422,confirmation_note_8882508250003145.pdf
Buy Note,K-VIETNAM,2025-08-25,500,33.7002,confirmation_note_8882508250001860.pdf
Receipt,SCBTRAVEL(A),2025-07-25,500,57.881,confirmation_note_8882507250002038.pdf
Receipt,SCBNK225,2025-07-25,500,15.3411,confirmation_note_8882507250001983.pdf
Receipt,SCBSET50,2025-07-25,500,28.4864,confirmation_note_8882507250001214.pdf
Receipt,K-VIETNAM,2025-07-25,500,35.9624,confirmation_note_8882507250003055.pdf
Text Body,SCBRMNDQ(A),2025-07-25,1000,72.0321,N/A (Email Body)
Text Body,SCBRMS&P500,2025-07-25,1000,50.7835,N/A (Email Body)
Receipt,SCBTRAVEL(A),2025-07-07,500,59.2199,confirmation_note_8882507050001419.pdf
Receipt,SCBNK225,2025-07-07,500,16.0056,confirmation_note_8882507050001543.pdf
Receipt,SCBSET50,2025-07-07,500,31.1652,confirmation_note_8882507050001785.pdf
Receipt,K-VIETNAM,2025-07-07,500,38.1004,confirmation_note_8882507050001578.pdf
Text Body,SCBRMS&P500,2025-07-07,1000,51.9178,N/A (Email Body)
Text Body,SCBRMNDQ(A),2025-07-07,1000,73.6751,N/A (Email Body)
Receipt,SCBSET50,2025-06-05,500,30.6282,confirmation_note_8882506050000834.pdf
Receipt,SCBNK225,2025-06-05,500,16.8662,confirmation_note_8882506050000871.pdf
Receipt,SCBTRAVEL(A),2025-06-05,500,62.0462,confirmation_note_8882506050000932.pdf
Receipt,K-VIETNAM,2025-06-05,500,40.871,confirmation_note_8882506050000861.pdf
Text Body,SCBRMNDQ(A),2025-06-05,1000,77.1444,N/A (Email Body)
Text Body,SCBRMS&P500,2025-06-05,1000,54.162,N/A (Email Body)
Receipt,SCBNK225,2025-05-07,500,17.2157,confirmation_note_8882505050004763.pdf
Receipt,SCBTRAVEL(A),2025-05-06,500,66.522,confirmation_note_8882505050003090.pdf
Receipt,SCBSET50,2025-05-06,500,29.549,confirmation_note_8882505050003207.pdf
Receipt,K-VIETNAM,2025-05-06,500,42.7383,confirmation_note_8882505050003281.pdf
Text Body,SCBRMS&P500,2025-05-06,1000,57.1425,N/A (Email Body)
Text Body,SCBRMNDQ(A),2025-05-06,1000,83.4425,N/A (Email Body)
Receipt,SCBTRAVEL(A),2025-04-08,500,76.0641,confirmation_note_8882504050003303.pdf
Receipt,SCBSET50,2025-04-08,500,33.6338,confirmation_note_8882504050002340.pdf
Receipt,SCBNK225,2025-04-08,500,19.1386,confirmation_note_8882504050002063.pdf
Receipt,K-VIETNAM,2025-04-08,500,44.014,confirmation_note_8882504050001866.pdf
Text Body,SCBRMNDQ(A),2025-04-08,1000,95.5895,N/A (Email Body)
Text Body,SCBRMS&P500,2025-04-08,1000,63.7808,N/A (Email Body)
Receipt,SCBTRAVEL(A),2025-03-05,500,60.3383,confirmation_note_8882503050002511.pdf
Receipt,SCBNK225,2025-03-05,500,17.0758,confirmation_note_8882503050002219.pdf
Receipt,SCBSET50,2025-03-05,500,30.1959,confirmation_note_8882503050002210.pdf
Receipt,K-VIETNAM,2025-03-05,500,37.8443,confirmation_note_8882503050002233.pdf
Text Body,SCBRMNDQ(A),2025-03-05,1000,79.7696,N/A (Email Body)
Text Body,SCBRMS&P500,2025-03-05,1000,54.6188,N/A (Email Body)
Receipt,SCBTRAVEL(A),2025-02-05,500,57.2187,confirmation_note_8882502050001470.pdf
Receipt,SCBSET50,2025-02-05,500,27.8546,confirmation_note_8882502050001022.pdf
Receipt,SCBNK225,2025-02-05,500,16.4953,confirmation_note_8882502050001442.pdf
Receipt,K-VIETNAM,2025-02-05,500,37.4809,confirmation_note_8882502050000761.pdf
Text Body,SCBRMS&P500,2025-02-05,1000,52.697,N/A (Email Body)
Text Body,SCBRMNDQ(A),2025-02-05,1000,75.9751,N/A (Email Body)
Receipt,SCBTRAVEL(A),2025-01-06,500,59.0911,confirmation_note_8882501050002687.pdf
Receipt,SCBSET50,2025-01-06,500,26.2647,confirmation_note_8882501050002636.pdf
Receipt,SCBNK225,2025-01-06,500,16.3046,confirmation_note_8882501050002665.pdf
Receipt,K-VIETNAM,2025-01-06,500,37.1675,confirmation_note_8882501050002712.pdf
Text Body,SCBRMS&P500,2025-01-06,1000,53.1982,N/A (Email Body)
Text Body,SCBRMNDQ(A),2025-01-06,1000,75.9664,N/A (Email Body)
Receipt,SCBTRAVEL(A),2024-12-06,500,57.1435,confirmation_note_8882412050004962.pdf
Receipt,K-VIETNAM,2024-12-06,500,36.7928,confirmation_note_8882412050005272.pdf
Receipt,SCBSET50,2024-12-06,500,24.9095,confirmation_note_8882412050004966.pdf
Receipt,SCBNK225,2024-12-06,500,16.383,confirmation_note_8882412050004883.pdf
Text Body,SCBRMS&P500,2024-12-06,1000,52.1216,N/A (Email Body)
Text Body,SCBRMNDQ(A),2024-12-06,1000,75.5133,N/A (Email Body)
Receipt,SCBTRAVEL(A),2024-11-05,500,62.1565,confirmation_note_8882411050001920.pdf
Receipt,K-VIETNAM,2024-11-05,500,38.0824,confirmation_note_8882411050001922.pdf
Receipt,SCBNK225,2024-11-05,500,16.6474,confirmation_note_8882411050002694.pdf
Receipt,SCBSET50,2024-11-05,500,24.5286,confirmation_note_8882411050001952.pdf
Text Body,SCBRMS&P500,2024-11-05,1000,54.879,N/A (Email Body)
Text Body,SCBRMNDQ(A),2024-11-05,1000,80.6068,N/A (Email Body)
Receipt,SCBTRAVEL(A),2024-10-07,500,65.9621,confirmation_note_8882410050002997.pdf
Receipt,SCBNK225,2024-10-07,500,16.3495,confirmation_note_8882410050003123.pdf
Receipt,SCBSET50,2024-10-07,500,25.3191,confirmation_note_8882410050003028.pdf
Receipt,K-VIETNAM,2024-10-07,500,36.8957,confirmation_note_8882410050003042.pdf
Text Body,SCBRMNDQ(A),2024-10-07,1000,82.0667,N/A (Email Body)
Text Body,SCBRMS&P500,2024-10-07,1000,55.5571,N/A (Email Body)
Receipt,SCBTRAVEL(A),2024-09-05,500,69.6223,confirmation_note_8882409050002741.pdf
Receipt,SCBSET50,2024-09-05,500,26.2969,confirmation_note_8882409050002833.pdf
Receipt,SCBNK225,2024-09-05,500,17.5563,confirmation_note_8882409050002874.pdf
Receipt,K-VIETNAM,2024-09-05,500,36.8313,confirmation_note_8882409050002732.pdf
Text Body,SCBRMS&P500,2024-09-05,1000,57.2341,N/A (Email Body)
Text Body,SCBRMNDQ(A),2024-09-05,1000,85.3104,N/A (Email Body)
Receipt,SCBNK225,2024-08-06,500,18.6622,confirmation_note_8882408050006533.pdf
Receipt,K-VIETNAM,2024-08-06,500,37.1355,confirmation_note_8882408050006515.pdf
Text Body,SCBRMNDQ(A),2024-08-05,1000,89.4238,N/A (Email Body)
Text Body,SCBRMS&P500,2024-08-05,1000,60.3049,N/A (Email Body)
Manual,LHTPROP,2024-05-07,500,68.4256,
Manual,SCBRMNDQ(A),2024-04-05,1000,87.5219,
Manual,SCBRMS&P500,2024-04-05,1000,59.4866,
Manual,K-CHANGE-SSF,2024-04-05,500,27.7995,
Manual,LHTPROP,2024-04-05,500,67.389,
Manual,SCBRMNDQ(A),2024-03-05,1000,88.3244,
Manual,SCBRMS&P500,2024-03-05,1000,60.8613,
Manual,K-CHANGE-SSF,2024-03-05,500,27.6818,
Manual,LHTPROP,2024-03-05,500,67.9717,
Manual,SCBRMNDQ(A),2024-02-05,1000,89.592,
Manual,SCBRMS&P500,2024-02-05,1000,62.4902,
Manual,LHTPROP,2024-02-05,500,66.6266,
Manual,SCBNK225D,2024-02-05,500,17.801,
Manual,SCBTRAVEL(A),2024-02-05,300,41.124,
Manual,K-SET50,2024-02-05,500,38.247,
Manual,SCBSET50,2024-02-05,500,28.3871,
Manual,K-VIETNAM,2024-02-05,500,38.247,
Manual,LHTPROP,2024-01-05,500,64.6237,
Manual,SCBNK225D,2024-01-09,500,30.5872,
Manual,SCBTRAVEL(A),2024-01-08,300,42.0103,
Manual,SCBS&P500,2024-01-08,500,20.8378,
Manual,K-USXNDQ-A(D),2024-01-08,500,22.4295,
Manual,K-VIETNAM,2024-01-08,500,40.2304,
Manual,K-SET50,2024-01-08,500,16.1517,
Manual,SCBSET50,2024-01-08,500,27.6498,
Manual,K-CHANGE-SSF,2023-12-06,500,29.3599,
Manual,LHTPROP,2023-12-06,500,67.6068,
Manual,SCBTRAVEL(A),2023-12-06,300,43.7062,
Manual,SCBS&P500,2023-12-06,500,21.4194,
Manual,K-USXNDQ-A(D),2023-12-06,500,23.577,
Manual,K-VIETNAM,2023-12-06,500,42.0086,
Manual,K-SET50,2023-12-06,500,16.362,
Manual,SCBSET50,2023-12-06,500,28.0141,
Manual,SCBNK225D,2023-12-06,500,31.0154,
Manual,K-CHANGE-SSF,2023-11-06,500,30.8874,
Manual,LHTPROP,2023-11-06,500,69.4319,
Manual,SCBTRAVEL(A),2023-11-06,300,46.9388,
Manual,SCBS&P500,2023-11-06,500,22.2638,
Manual,K-USXNDQ-A(D),2023-11-06,500,24.1787,
Manual,K-VIETNAM,2023-11-06,500,42.6017,
Manual,K-SET50,2023-11-06,500,16.0056,
Manual,SCBSET50,2023-11-06,500,27.4062,
Manual,SCBNK225D,2023-11-06,500,31.7293,
Manual,LHTPROP,2023-10-05,500,68.0874,
Manual,SCBTRAVEL(A),2023-10-05,300,45.9446,
Manual,SCBS&P500,2023-10-05,500,22.7018,
Manual,K-USXNDQ-A(D),2023-10-05,500,24.7007,
Manual,K-VIETNAM,2023-10-05,500,39.3366,
Manual,K-SET50,2023-10-05,500,15.7968,
Manual,SCBSET50,2023-10-05,500,27.047,
Manual,SCBNK225D,2023-10-05,500,32.8329,
Receipt,SCBTRAVEL(A),2023-09-05,300,41.8918,confirmation_note_8882309050002399.pdf
Receipt,SCBS&P500,2023-09-05,500,21.4367,confirmation_note_8882309050000699.pdf
Receipt,K-USXNDQ-A(D),2023-09-05,500,23.4484,confirmation_note_8882309050000767.pdf
Receipt,K-VIETNAM,2023-09-05,500,36.8107,confirmation_note_8882309050000706.pdf
Receipt,K-SET50,2023-09-05,500,14.8732,confirmation_note_8882309050000751.pdf
Receipt,LHTPROP,2023-09-05,500,64.1939,confirmation_note_8882309050001515.pdf
Receipt,SCBSET50,2023-09-05,500,25.4653,confirmation_note_8882309050000704.pdf
Receipt,SCBNK225D,2023-09-05,500,31.239,confirmation_note_8882309050002212.pdf
Receipt,SCBTRAVEL(A),2023-08-07,300,39.9904,confirmation_note_8882308050002890.pdf
Receipt,SCBS&P500,2023-08-07,500,21.2946,confirmation_note_8882308050001659.pdf
Receipt,K-USXNDQ-A(D),2023-08-07,500,23.1775,confirmation_note_8882308050002187.pdf
Receipt,LHTPROP,2023-08-07,500,63.3729,confirmation_note_8882308050000979.pdf
Receipt,SCBSET50,2023-08-07,500,25.4169,confirmation_note_8882308050001653.pdf
Receipt,SCBNK225D,2023-08-07,500,31.8664,confirmation_note_8882308050001986.pdf
Receipt,K-SET50,2023-08-07,500,14.8442,confirmation_note_8882308050001657.pdf
Receipt,K-VIETNAM,2023-08-07,500,36.9175,confirmation_note_8882308050001887.pdf
Receipt,SCBTRAVEL(A),2023-07-05,300,40.101,confirmation_note_8882307050002529.pdf
Receipt,SCBS&P500,2023-07-05,500,21.5418,confirmation_note_8882307050001577.pdf
Receipt,K-USXNDQ-A(D),2023-07-05,500,23.4007,confirmation_note_8882307050000441.pdf
Receipt,LHTPROP,2023-07-05,500,63.2831,confirmation_note_8882307050000583.pdf
Receipt,SCBNK225D,2023-07-05,500,30.912,confirmation_note_8882307050001272.pdf
Receipt,SCBSET50,2023-07-05,500,26.1123,confirmation_note_8882307050001586.pdf
Receipt,K-VIETNAM,2023-07-05,500,40.79,confirmation_note_8882307050001857.pdf
Receipt,K-SET50,2023-07-05,500,15.2486,confirmation_note_8882307050001549.pdf
Receipt,SCBTRAVEL(A),2023-07-03,500,66.2444,confirmation_note_8882306300004291.pdf
Receipt,SCBNK225D,2023-06-19,500,30.9004,confirmation_note_8882306170000796.pdf
Receipt,K-USXNDQ-A(D),2023-06-06,500,24.3725,confirmation_note_8882306050001506.pdf
Receipt,SCBS&P500,2023-06-06,500,22.1673,confirmation_note_8882306050001381.pdf
Receipt,K-SET50,2023-06-06,500,15.2841,confirmation_note_8882306050001323.pdf
Receipt,K-VIETNAM,2023-06-06,500,41.3975,confirmation_note_8882306050001529.pdf
Receipt,LHTPROP,2023-06-06,500,60.4543,confirmation_note_8882306050001740.pdf
Receipt,SCBSET50,2023-06-06,500,26.1729,confirmation_note_8882306050001371.pdf
Receipt,K-USXNDQ-A(D),2023-05-08,500,26.3245,confirmation_note_8882305050002276.pdf
Receipt,SCBS&P500,2023-05-08,500,22.9553,confirmation_note_8882305050002222.pdf
Receipt,LHTPROP,2023-05-08,500,61.2287,confirmation_note_8882305050002587.pdf
Receipt,K-VIETNAM,2023-05-08,500,44.5752,confirmation_note_8882305050002289.pdf
Receipt,K-SET50,2023-05-08,500,14.86,confirmation_note_8882305050002200.pdf
Receipt,SCBSET50,2023-05-08,500,25.4487,confirmation_note_8882305050001142.pdf
Receipt,K-USXNDQ-A(D),2023-04-05,500,26.8795,confirmation_note_8882304050001229.pdf
Receipt,SCBS&P500,2023-04-05,500,23.1349,confirmation_note_8882304050001110.pdf
Receipt,K-VIETNAM,2023-04-05,500,42.8971,confirmation_note_8882304050001013.pdf
Receipt,K-SET50,2023-04-05,500,15.0187,confirmation_note_8882304050001106.pdf
Receipt,LHTPROP,2023-04-05,500,60.7127,confirmation_note_8882304050001389.pdf
Receipt,SCBSET50,2023-04-05,500,25.7232,confirmation_note_8882304050001114.pdf
Receipt,K-USXNDQ-A(D),2023-03-07,500,28.4454,confirmation_note_8882303070001856.pdf
Receipt,SCBS&P500,2023-03-07,500,23.6188,confirmation_note_8882303070001664.pdf
Receipt,K-SET50,2023-03-07,500,14.7148,confirmation_note_8882303070001659.pdf
Receipt,K-VIETNAM,2023-03-07,500,44.5831,confirmation_note_8882303070001795.pdf
Receipt,LHTPROP,2023-03-07,500,58.4932,confirmation_note_8882303070002422.pdf
Receipt,SCBSET50,2023-03-07,500,25.2059,confirmation_note_8882303070001668.pdf
Receipt,K-CASH,2023-02-15,2,0.1502,confirmation_note_8882302150005172.pdf
Receipt,SCBS&P500,2023-02-06,500,22.9315,confirmation_note_8882302060001438.pdf
Receipt,K-USXNDQ-A(D),2023-02-06,500,27.3155,confirmation_note_8882302060001627.pdf
Receipt,SCBSET50,2023-02-06,500,24.5689,confirmation_note_8882302060001442.pdf
Receipt,K-VIETNAM,2023-02-06,500,42.4415,confirmation_note_8882302060001963.pdf
Receipt,K-SET50,2023-02-06,500,14.3437,confirmation_note_8882302060001434.pdf
Receipt,LHTPROP,2023-02-06,500,55.7177,confirmation_note_8882302060002261.pdf
Receipt,SCBS&P500,2023-01-17,500,23.5371,confirmation_note_8882301170002365.pdf
Receipt,K-USXNDQ-A(D),2023-01-17,"1,000.00",58.5099,confirmation_note_8882301170002377.pdf
Receipt,SCBSET50,2023-01-17,"1,000.00",48.8507,confirmation_note_8882301170002367.pdf
Receipt,K-SET50,2023-01-17,500,14.2598,confirmation_note_8882301170002363.pdf
Receipt,K-VIETNAM,2023-01-17,500,42.7383,confirmation_note_8882301170002031.pdf
Receipt,SCBS&P500,2022-12-19,500,24.3744,confirmation_note_8882212190000178.pdf
Receipt,K-USXNDQ-A(D),2022-12-19,"1,000.00",60.3503,confirmation_note_8882212190000204.pdf
Receipt,SCBSET50,2022-12-19,"1,000.00",49.9662,confirmation_note_8882212190000182.pdf
Receipt,K-SET50,2022-12-19,500,14.6181,confirmation_note_8882212190000174.pdf
Receipt,K-VIETNAM,2022-12-19,500,43.0151,confirmation_note_8882212190000270.pdf
Receipt,SCBS&P500,2022-11-17,500,23.2156,confirmation_note_8882211170000185.pdf
Receipt,K-USXNDQ-A(D),2022-11-17,"1,000.00",56.1356,confirmation_note_8882211170000204.pdf
Receipt,K-SET50,2022-11-17,500,14.5929,confirmation_note_8882211170000182.pdf
Receipt,K-VIETNAM,2022-11-17,500,47.1413,confirmation_note_8882211170000260.pdf
Receipt,SCBSET50,2022-11-17,"1,000.00",49.8815,confirmation_note_8882211170000188.pdf
Receipt,PCASH,2022-10-25,100,7.947,confirmation_note_8882210250004097.pdf
Receipt,K-USXNDQ-A(D),2022-10-17,"1,000.00",58.7554,confirmation_note_8882210170003293.pdf
Receipt,SCBS&P500,2022-10-17,500,24.8722,confirmation_note_8882210170003207.pdf
Receipt,K-VIETNAM,2022-10-17,500,41.8609,confirmation_note_8882210170003386.pdf
Receipt,K-SET50,2022-10-17,500,15.1763,confirmation_note_8882210170003203.pdf
Receipt,SCBSET50,2022-10-17,"1,000.00",51.8723,confirmation_note_8882210170003211.pdf
Receipt,K-USXNDQ-A(D),2022-09-19,"1,000.00",54.0254,confirmation_note_8882209190000307.pdf
Receipt,SCBS&P500,2022-09-19,500,23.3361,confirmation_note_8882209190000239.pdf
Receipt,K-SET50,2022-09-19,500,14.6284,confirmation_note_8882209190000235.pdf
Receipt,K-VIETNAM,2022-09-19,500,36.0324,confirmation_note_8882209190000342.pdf
Receipt,SCBSET50,2022-09-19,"1,000.00",50.0015,confirmation_note_8882209190000243.pdf
Receipt,LHTPROP,2022-08-23,"1,000.00",110.7358,confirmation_note_8882208220003996.pdf
Manual,K-USXNDQ-A(D),2022-08-17,500,23.566,
Manual,SCBS&P500,2022-08-17,500,21.25,
Receipt,SCBSET50,2022-08-17,500,24.8538,confirmation_note_8882208170000250.pdf
Receipt,K-SET50,2022-08-17,500,14.5419,confirmation_note_8882208170000243.pdf
Receipt,SCBS&P500,2022-08-16,"1,000.00",42.1663,confirmation_note_8882208150007329.pdf
Receipt,K-USXNDQ-A(D),2022-08-16,"1,000.00",46.6028,confirmation_note_8882208150007328.pdf
Receipt,K-VIETNAM,2022-08-16,500,35.5811,confirmation_note_8882208150007327.pdf
Receipt,PCASH,2022-07-25,100,7.9524,confirmation_note_8882207250003924.pdf
Receipt,K-USXNDQ-A(D),2022-07-18,500,26.7476,confirmation_note_8882207180002261.pdf
Receipt,K-USXNDQ-A(D),2022-07-18,"1,000.00",53.4953,confirmation_note_8882207170000468.pdf
Receipt,SCBS&P500,2022-07-18,"1,000.00",47.5264,confirmation_note_8882207170000467.pdf
Receipt,SCBS&P500,2022-07-18,500,23.7632,confirmation_note_8882207180000724.pdf
Receipt,SCBSET50,2022-07-18,"1,000.00",52.0795,confirmation_note_8882207170000469.pdf
Receipt,SCBSET50,2022-07-18,500,26.0397,confirmation_note_8882207180000728.pdf
Receipt,K-SET50,2022-07-18,500,15.2341,confirmation_note_8882207180000720.pdf
Receipt,K-SET50,2022-07-18,"1,000.00",30.4682,confirmation_note_8882207170000470.pdf
Receipt,K-USXNDQ-A(D),2022-06-22,500,27.7016,confirmation_note_8882206210004346.pdf
Receipt,SCBS&P500,2022-06-17,"1,000.00",49.797,confirmation_note_8882206170002561.pdf
Receipt,K-SET50,2022-06-17,"2,000.00",61.0373,confirmation_note_8882206170002558.pdf
Receipt,SCBSET50,2022-06-17,"2,000.00",104.3607,confirmation_note_8882206170002545.pdf